kpi_tracker_userlevel[kpi.OwnerId],kpi_tracker_userlevel[Name],kpi_tracker_userlevel[UserName_Level1],kpi_tracker_userlevel[UserId_Level1],[KPI_ACT_MTD_CallRate],[KPI_ACT_MTD_CallVolume],[KPI_ACT_MTD_CallCompliance],[KPI_ACT_MTD_CallComplianceA],[Value_Qty_Transaction_Market],[Value_QTY_Target],[v__Done],[Gap],[QTD_Value_QTY_Transaction_Market],[QTD_Value_QTY_Target],[QTD___Done],[QTD_Gap],[KPI_ACT_QTD_CallRate],[KPI_ACT_QTD_CallVolume],[KPI_ACT_QTD_CallCompliance],[KPI_ACT_QTD_CallComplianceA],Email
0055h000005tjiOAAQ,Yiek Tshin Kate Chee,Wai Leng Wee,0055h0000062uaoAAA,9.153846153846152,1.1442307692307692,0.7087378640776699,1.0,90538.74,108928.0795,0.8311790716919782,-18389.339499999987,276990.33999999997,284325.0544,0.974203066924657,-7334.714400000055,8.679245283018869,1.0849056603773586,0.9902912621359224,1.0,vtvinh@zuelligpharma.com
0055h000005tjiYAAQ,Qian-Xi Olivia Chua,Wai Leng Wee,0055h0000062uaoAAA,9.2,1.15,0.9902912621359224,0.96875,70466.37000000001,64928.4232,1.0852931047307492,5537.946800000012,186156.74,174113.7125,1.069167599306689,12043.027500000026,8.509803921568627,1.0637254901960784,1.0,1.0,vtvinh@zuelligpharma.com
0055h000005tXEiAAM,Wooi Ping Soo,Chean Joe Tan,0055h0000062uaOAAQ,8.5,1.2142857142857142,0.8,0.5789473684210527,485216.0,588350.0,0.8247063822554602,-103134.0,1654468.0,1722999.0,0.960225745923242,-68531.0,7.833333333333333,1.119047619047619,0.9692307692307692,1.0,anaufal@zuelligpharma.com
0055h0000062ua0AAA,See Yong Tan,Woan Syen Liew,0055h0000062uaDAAQ,8.222222222222221,1.0277777777777777,0.782051282051282,0.7192982456140351,81662.06,82901.92480000001,0.9850441976710292,-1239.8648000000103,201348.86,223735.957,0.8999396552070528,-22387.09700000001,10.30188679245283,1.2877358490566038,1.0,1.0,anaufal@zuelligpharma.com
0055h0000062ua2AAA,Hui Yee Kho,Raymond Hah,0055h0000062uaMAAQ,8.588235294117647,1.0735294117647058,1.0,1.0,58685.65000000001,135663.0528,0.432583881821654,-76977.4028,221640.10000000003,375307.1514,0.5905565592694433,-153667.0514,8.48076923076923,1.0600961538461535,0.9777777777777776,0.9803921568627452,ntpthuy@zuelligpharma.com
0055h0000062ua5AAA,Pui Teng Yap,Siew Tung Catherine Yap,0055h0000062ua6AAA,8.411764705882353,1.0514705882352942,1.0,1.0,182361.41,254754.1191,0.7158330183011357,-72392.70910000001,582261.3,731113.2304,0.796403724880534,-148851.93039999995,8.38,1.0475,0.991869918699187,1.0,ntpthuy@zuelligpharma.com
